Product Name,Current Date,Current Price,Old Date,Old Price,Category
SteelSeries Rival 3 RGB Kablolu Optik Oyuncu Mouse,10/06/2023,600,10/06/2022,289,mouse
SteelSeries Rival 5 RGB Kablolu Optik Oyuncu Mouse,10/06/2023,1199,10/06/2022,629,mouse
Xiaomi Mi Band 6,10/06/2023,838,10/06/2022,449,akilli-bileklik
Pro Plan Sterilised Somonlu ve Ton Balıklı 10 kg Yetişkin Kedi Maması,10/06/2023,1619,10/06/2022,760,kedi-mamasi
Nutella 750 gr Kakaolu Fındık Kreması,10/06/2023,95,11/06/2022,44,ezme-krem-cikolata
Perwoll Siyah & Doku Sıvı Deterjan 50 Yıkama 3 lt,10/06/2023,69,10/06/2022,45,sivi-deterjan
Royal Canin Sterilised 37 15 kg Kısırlaştırılmış Yetişkin Kuru Kedi Maması,10/06/2023,1775,10/06/2022,975,kedi-mamasi
N&D Ancestral Grain Düşük Tahıllı Medium & Maxi Kuzu Etli ve Yaban Mersinli 12 kg Yetişkin Köpek Maması,10/06/2023,1105,10/06/2022,692,kopek-mamasi
Familia Plus 3 Katlı 32'li Tuvalet Kağıdı,10/06/2023,144,10/06/2022,94,tuvalet-kagidi
Solo 12'li Kağıt Havlu,10/06/2023,89,10/06/2022,69,kagit-havlu
Xiaomi Mi Band 5,10/06/2023,799,10/06/2022,349,akilli-bileklik
Xiaomi Mi Band 7,10/06/2023,819,04/07/2022,889,akilli-bileklik
Pro Plan Sterilised Somonlu ve Ton Balıklı 1 kg Yetişkin Kedi Maması - Açık Paket,10/06/2023,170,10/06/2022,94,kedi-mamasi
Pro Plan Sterilised Somonlu ve Ton Balıklı 1.5 kg Yetişkin Kedi Maması,10/06/2023,340,10/06/2022,149,kedi-mamasi
Pro Plan Sterilised Somonlu ve Ton Balıklı 2 kg Yetişkin Kedi Maması- Açık Paket,10/06/2023,359,10/06/2022,186,kedi-mamasi
Pro Plan Sterilised Somonlu ve Ton Balıklı 3 kg Yetişkin Kedi Maması,10/06/2023,557,10/06/2022,281,kedi-mamasi
Pro Plan Sterilised Somonlu ve Ton Balıklı 4 kg Yetişkin Kedi Maması - Açık Paket,10/06/2023,679,10/06/2022,345,kedi-mamasi
Pro Plan Sterilised Somonlu ve Ton Balıklı 5 kg Yetişkin Kedi Maması - Açık Paket,10/06/2023,829,10/06/2022,429,kedi-mamasi
Nutella 400 gr Kakaolu Fındık Kreması,10/06/2023,55,11/06/2022,23,ezme-krem-cikolata
Perwoll Sıvı Deterjan 16 Yıkama 1 lt,10/06/2023,30,11/06/2022,21,sivi-deterjan
Perwoll Siyah & Doku Siyahlar için Sıvı Deterjan 16 Yıkama 1 lt,10/06/2023,70,11/06/2022,21,sivi-deterjan
Perwoll Beyaz Etki Beyazlar için Sıvı Deterjan 16 Yıkama 1 lt,10/06/2023,89,11/06/2022,21,sivi-deterjan
Perwoll Renk & Doku Renkliler için Sıvı Deterjan 16 Yıkama 1 lt,10/06/2023,30,11/06/2022,21,sivi-deterjan
Perwoll Yünlüler ve İpekler Renkliler için Sıvı Deterjan 16 Yıkama 1 lt,10/06/2023,45,10/06/2022,24,sivi-deterjan
Perwoll Siyah ve Doku Sıvı Deterjan 30 Yıkama 1.8 lt,10/06/2023,123,15/11/2022,68,sivi-deterjan
Perwoll Siyah & Doku Siyahlar için Sıvı Deterjan 33 Yıkama 2 lt,10/06/2023,74,11/06/2022,38,sivi-deterjan
Perwoll Hassas Bakım & Ferahlık Sıvı Deterjan 33 Yıkama 2 lt,10/06/2023,74,11/06/2022,38,sivi-deterjan
Perwoll Renk & Doku Renkliler için Sıvı Deterjan 33 Yıkama 2 lt,10/06/2023,75,11/06/2022,38,sivi-deterjan
Perwoll Sıvı Deterjan 45 Yıkama 2.7 lt,10/06/2023,91,10/06/2022,36,sivi-deterjan
Perwoll Siyah & Doku 45 Yıkama 2.7 lt Sıvı Deterjan,10/06/2023,91,10/06/2022,48,sivi-deterjan
Perwoll Çiçek Cazibesi Sıvı Deterjan 45 Yıkama 2.7 lt,10/06/2023,98,10/06/2022,36,sivi-deterjan
Perwoll Sıvı Deterjan 66 Yıkama 4 lt,10/06/2023,76,10/06/2022,66,sivi-deterjan
Perwoll Siyah & Doku Sıvı Deterjan 66 Yıkama 4 lt,10/06/2023,129,10/06/2022,84,sivi-deterjan
Perwoll Beyazlar için Sıvı Deterjan 66 Yıkama 4 lt,10/06/2023,134,10/06/2022,89,sivi-deterjan
Perwoll Renk & Doku Renkliler için Sıvı Deterjan 66 Yıkama 4 lt,10/06/2023,76,10/06/2022,66,sivi-deterjan
Perwoll Yünlüler ve İpekler Renkliler için Sıvı Deterjan 66 Yıkama 4 lt,10/06/2023,130,10/06/2022,66,sivi-deterjan
Perwoll Hassas Bakım & Ferahlık Sıvı Deterjan 50 Yıkama 3 lt,10/06/2023,98,10/06/2022,49,sivi-deterjan
Perwoll Bakım ve Onarım Renkliler için Sıvı Deterjan 50 Yıkama 3 lt,10/06/2023,155,10/06/2022,71,sivi-deterjan
Perwoll Beyazlar için Sıvı Deterjan 50 Yıkama 3 lt,10/06/2023,84,10/06/2022,49,sivi-deterjan
Perwoll Renk & Doku Renkliler için Sıvı Deterjan 50 Yıkama 3 lt,10/06/2023,84,10/06/2022,49,sivi-deterjan
Perwoll Yünlüler ve İpekler Onarıcı Etki Renkliler için Sıvı Deterjan 50 Yıkama 3 lt,10/06/2023,95,10/06/2022,60,sivi-deterjan
Royal Canin Sterilised 37 1 kg Kısırlaştırılmış Yetişkin Kuru Kedi Maması - Açık Paket,10/06/2023,106,10/06/2022,75,kedi-mamasi
Royal Canin Sterilised 37 2 kg Kısırlaştırılmış Yetişkin Kuru Kedi Maması,10/06/2023,325,10/06/2022,186,kedi-mamasi
Royal Canin Sterilised 37 2 kg Kısırlaştırılmış Yetişkin Kuru Kedi Maması - Açık Paket,10/06/2023,183,10/06/2022,137,kedi-mamasi
Royal Canin Sterilised 37 3 kg Kısırlaştırılmış Yetişkin Kuru Kedi Maması - Açık Paket,10/06/2023,244,10/06/2022,199,kedi-mamasi
Royal Canin Sterilised 37 4 kg Kısırlaştırılmış Yetişkin Kuru Kedi Maması,10/06/2023,596,10/06/2022,327,kedi-mamasi
Royal Canin Sterilised 37 4 kg Kısırlaştırılmış Yetişkin Kuru Kedi Maması - Açık Paket,10/06/2023,328,10/06/2022,264,kedi-mamasi
Royal Canin Sterilised 37 5 kg Kısırlaştırılmış Yetişkin Kuru Kedi Maması - Açık Paket,10/06/2023,432,10/06/2022,345,kedi-mamasi
Royal Canin Sterilised 37 Kısırlaştırılmış 10 kg Yetişkin Kedi Maması,10/06/2023,1289,10/06/2022,717,kedi-mamasi
N&D Ancestral Grain Düşük Tahıllı Medium&Maxi Kuzu Etli Yaban Mersinli 1 kg Yetişkin Köpek Maması - Açık,10/06/2023,188,05/01/2023,115,kopek-mamasi
N&D Ancestral Grain Düşük Tahıllı Medium & Maxi Kuzu Etli ve Yaban Mersinli 2.5 kg Yetişkin Köpek Maması,10/06/2023,429,03/10/2022,240,kopek-mamasi
N&D Ancestral Grain Düşük Tahıllı Medium&Maxi Kuzu Etli Yaban Mersinli 3 kg Yetişkin Köpek Maması - Açık,10/06/2023,455,22/05/2023,470,kopek-mamasi
N&D Ancestral Grain Düşük Tahıllı Medium&Maxi Kuzu Etli Yaban Mersinli 4 kg Yetişkin Köpek Maması - Açık,10/06/2023,596,22/05/2023,620,kopek-mamasi
Familia Plus 3 Katlı 16'lı Tuvalet Kağıdı,10/06/2023,89,10/06/2022,57,tuvalet-kagidi
Familia Plus 3 Katlı 24'lü Tuvalet Kağıdı,10/06/2023,125,10/06/2022,84,tuvalet-kagidi
Familia Plus 3 Katlı 48'li Tuvalet Kağıdı,10/06/2023,213,10/06/2022,163,tuvalet-kagidi
Familia Plus 3 Katlı 64'lü Tuvalet Kağıdı,10/06/2023,343,10/06/2022,223,tuvalet-kagidi
Familia Plus 3 Katlı 96'lı Tuvalet Kağıdı,10/06/2023,409,10/06/2022,299,tuvalet-kagidi
Familia Plus 3 Katlı 128'li Tuvalet Kağıdı,10/06/2023,636,10/06/2022,414,tuvalet-kagidi
Solo 3'lü Kağıt Havlu,10/06/2023,37,11/06/2022,21,kagit-havlu
Solo 6'lı Kağıt Havlu,10/06/2023,49,11/06/2022,54,kagit-havlu
Solo 8'li Kağıt Havlu,10/06/2023,98,10/06/2022,72,kagit-havlu
Solo 24'lü Kağıt Havlu,10/06/2023,269,10/10/2022,142,kagit-havlu
Solo 36'lı Kağıt Havlu,10/06/2023,450,15/04/2023,624,kagit-havlu
Solo 48'li Paket Kağıt Havlu,10/06/2023,358,10/06/2022,230,kagit-havlu
Stanley Klasik Vakumlu 1 lt Çelik Termos,10/06/2023,742,10/06/2022,500,termos
Hawk Gaming Chair Fab V4 Siyah Kumaş Oyuncu Koltuğu,10/06/2023,3599,10/06/2022,2699,oyuncu-koltugu
Fairy Platinum Limon Bulaşık Makinesi Kapsülü 90'lı,10/06/2023,254,10/06/2022,139,bulasik-makinesi-tableti
Econature Kuzulu 15 kg Yetişkin Köpek Maması,10/06/2023,396,10/06/2022,259,kopek-mamasi
iPhone 13 128 GB,10/06/2023,32498,10/06/2022,17999,cep-telefonu
"Macbook Air M1 8 GB 256 GB SSD 13.3"" MGN63TU/A Uzay Grisi",10/06/2023,24289,10/06/2022,14653,laptop-notebook
Tunçmatik PowerSurge 1050 Joule 5'li 1.5 m Akım Korumalı Priz,10/06/2023,212,10/06/2022,141,akim-korumali-priz
"Samsung Galaxy Tab A8 Wi-Fi SM-X200 32 GB 10.5"" Tablet",10/06/2023,3139,10/06/2022,2275,tablet
Xiaomi Mi Robot Vacuum Mop 2 Pro Akıllı Robot Süpürge,10/06/2023,8199,10/06/2022,6249,robot-supurge
Stanley Klasik Vakumlu 0.75 lt Çelik Termos,10/06/2023,629,10/06/2022,479,termos
Stanley Klasik Vakumlu 1.3 lt Çelik Termos,10/06/2023,890,10/06/2022,574,termos
Stanley Klasik Vakumlu Açık Mavi 1 lt Çelik Termos,10/06/2023,742,20/10/2022,629,termos
Stanley Klasik Vakumlu Lacivert 1 lt Çelik Termos,10/06/2023,799,10/06/2022,660,termos
Stanley Klasik Vakumlu Mossy Oak 1 lt Çelik Termos,10/06/2023,869,14/03/2023,1232,termos
Stanley Klasik Vakumlu Turuncu 1 lt Çelik Termos,10/06/2023,949,14/03/2023,1105,termos
Stanley Klasik Vakumlu Yeşil 1 lt Çelik Termos,10/06/2023,759,10/06/2022,599,termos
Hawk Gaming Chair Fab V1 Gri Kumaş Oyuncu Koltuğu,10/06/2023,3599,10/06/2022,2699,oyuncu-koltugu
Hawk Gaming Chair Fab V2 Gri-Siyah Kumaş Oyuncu Koltuğu,10/06/2023,3599,10/06/2022,2399,oyuncu-koltugu
Hawk Gaming Chair Fab V3 Siyah-Gri Kumaş Oyuncu Koltuğu,10/06/2023,3599,10/06/2022,2699,oyuncu-koltugu
Hawk Gaming Chair Fab V5 Antrasit Kumaş Oyuncu Koltuğu,10/06/2023,3559,10/06/2022,2399,oyuncu-koltugu
Hawk Gaming Chair Fab V6 Stone Kumaş Oyuncu Koltuğu,10/06/2023,3599,10/12/2022,2999,oyuncu-koltugu
Fairy Platinum Limon 16'lı Bulaşık Makinesi Tableti,10/06/2023,65,10/06/2022,54,bulasik-makinesi-tableti
Fairy Platinum Limon 26'lı Bulaşık Makinesi Kapsülü,10/06/2023,100,10/06/2022,71,bulasik-makinesi-tableti
Fairy Platinum Limon 33'lü Bulaşık Makinesi Kapsülü,10/06/2023,127,10/06/2022,69,bulasik-makinesi-tableti
Fairy Platinum Limon Bulaşık Makinesi Kapsülü 43'lü,10/06/2023,143,10/06/2022,94,bulasik-makinesi-tableti
Fairy Platinum Limon Bulaşık Makinesi Kapsülü 72'li,10/06/2023,219,10/06/2022,140,bulasik-makinesi-tableti
Fairy Platinum Limon 60'lı Bulaşık Makinesi Kapsülü,10/06/2023,202,10/06/2022,125,bulasik-makinesi-tableti
Fairy Platinum Limon 50'li Bulaşık Makinesi Kapsülü,10/06/2023,169,10/06/2022,102,bulasik-makinesi-tableti
iPhone 13 256 GB,10/06/2023,35899,10/06/2022,18980,cep-telefonu
iPhone 13 256 GB Gece Yarısı,10/06/2023,35999,10/06/2022,19619,cep-telefonu
iPhone 13 256 GB Kırmızı,10/06/2023,35998,10/06/2022,18999,cep-telefonu
iPhone 13 256 GB Mavi,10/06/2023,35998,10/06/2022,18980,cep-telefonu
iPhone 13 256 GB Pembe,10/06/2023,37899,10/06/2022,18999,cep-telefonu
iPhone 13 256 GB Yeşil,10/06/2023,35899,10/06/2022,19599,cep-telefonu
iPhone 13 256 GB Yıldız Işığı,10/06/2023,35999,10/06/2022,18999,cep-telefonu
iPhone 13 512 GB,10/06/2023,39999,10/06/2022,17999,cep-telefonu
iPhone 13 512 GB Gece Yarısı,10/06/2023,40998,10/06/2022,21677,cep-telefonu
iPhone 13 512 GB Kırmızı,10/06/2023,40998,10/06/2022,21299,cep-telefonu
iPhone 13 512 GB Mavi,10/06/2023,40999,10/06/2022,20999,cep-telefonu
iPhone 13 512 GB Pembe,10/06/2023,42990,10/06/2022,21499,cep-telefonu
iPhone 13 512 GB Yeşil,10/06/2023,39999,10/06/2022,21699,cep-telefonu
iPhone 13 512 GB Yıldız Işığı,10/06/2023,41999,10/06/2022,20978,cep-telefonu
iPhone 13 128 GB Gece Yarısı,10/06/2023,32999,10/06/2022,17999,cep-telefonu
iPhone 13 128 GB Kırmızı,10/06/2023,32498,10/06/2022,17999,cep-telefonu
iPhone 13 128 GB Mavi,10/06/2023,32798,10/06/2022,18080,cep-telefonu
iPhone 13 128 GB Yıldız Işığı,10/06/2023,32999,10/06/2022,17799,cep-telefonu
iPhone 13 128 GB Pembe,10/06/2023,33499,10/06/2022,17999,cep-telefonu
iPhone 13 128 GB Yeşil,10/06/2023,32799,10/06/2022,18165,cep-telefonu
Adidas Runfalcon 2.0 Beyaz-Siyah Erkek Koşu Ayakkabısı GV9552,10/06/2023,959,16/09/2022,449,spor-ayakkabi
Adidas Runfalcon 2.0 Gri Erkek Koşu Ayakkabısı GV9558,10/06/2023,969,29/11/2022,724,spor-ayakkabi
Adidas Runfalcon 2.0 Lacivert Erkek Koşu Ayakkabısı GZ8077,10/06/2023,969,29/11/2022,807,spor-ayakkabi
"Macbook Air M1 8 GB 512 GB SSD 13.3"" Notebook",10/06/2023,31885,10/06/2022,17799,laptop-notebook
"Macbook Air M1 8 GB 256 GB SSD 13.3"" MGND3TU/A Altın",10/06/2023,24399,10/06/2022,15199,laptop-notebook
"Macbook Air M1 8 GB 256 GB SSD 13.3"" MGN93TU/A Gümüş",10/06/2023,24299,10/06/2022,14258,laptop-notebook
Tunçmatik PowerSurge 1050 Joule TSK6135 Beyaz 6'lı 1.5 m Akım Korumalı Priz,10/06/2023,586,10/06/2022,177,akim-korumali-priz
Tunçmatik PowerSurge 1050 Joule TSK6137 Siyah 6'lı 1.5 m Akım Korumalı Priz,10/06/2023,450,28/10/2022,352,akim-korumali-priz
Tunçmatik PowerSurge 1050 Joule Beyaz TSK6134 5'li 1.5 m Akım Korumalı Priz,10/06/2023,235,10/06/2022,141,akim-korumali-priz
Tunçmatik PowerSurge 1050 Joule TSK6136 Siyah 5'li 1.5 m Akım Korumalı Priz,10/06/2023,212,10/06/2022,151,akim-korumali-priz
"Samsung Galaxy Tab A8 Wi-Fi SM-X200 Gri 32 GB 10.5"" Tablet",10/06/2023,3153,10/06/2022,2299,tablet
"Samsung Galaxy Tab A8 Wi-Fi SM-X200 Gümüş 32 GB 10.5"" Tablet",10/06/2023,3128,10/06/2022,2275,tablet
"Samsung Galaxy Tab A8 Wi-Fi SM-X200 Pembe 32 GB 10.5"" Tablet",10/06/2023,3139,10/06/2022,2380,tablet
Philips SWV4434S/10 5 m 4K Ultra HD 3D Ağ Destekli Altın Uçlu HDMI Kablo,10/06/2023,149,10/06/2022,189,hdmi-kablo
Solo Akıllı Seçim 32'li Tuvalet Kağıdı,10/06/2023,124,10/06/2022,105,tuvalet-kagidi
Porziyon Nadya Çalışma Koltuğu,10/06/2023,699,10/06/2022,741,calisma-koltugu
Razer BlackWidow V3 Green Switch Kablolu Mekanik Oyuncu Klavyesi,10/06/2023,1947,10/06/2022,1235,klavye
iPhone 13 128 GB Yıldız Işığı,10/06/2023,32999,10/06/2022,17799,cep-telefonu
Solo Akıllı Seçim 8'li Tuvalet Kağıdı,10/06/2023,39,11/06/2022,35,tuvalet-kagidi
Solo Akıllı Seçim 16'lı Tuvalet Kağıdı,10/06/2023,79,10/06/2022,53,tuvalet-kagidi
Solo Akıllı Seçim 16'lı Tuvalet Kağıdı,10/06/2023,79,10/06/2022,53,tuvalet-kagidi
Solo Akıllı Seçim 48'li Tuvalet Kağıdı,10/06/2023,279,22/04/2023,239,tuvalet-kagidi
Solo Akıllı Seçim 64'lü Tuvalet Kağıdı,10/06/2023,340,13/10/2022,217,tuvalet-kagidi
Solo Akıllı Seçim 96'lı Tuvalet Kağıdı,10/06/2023,385,10/06/2022,279,tuvalet-kagidi
Solo Akıllı Seçim 128'li Tuvalet Kağıdı,10/06/2023,880,15/12/2022,499,tuvalet-kagidi
Fiskobirlik Nuga 350 gr Kakaolu Fındık Kreması,10/06/2023,69,11/06/2022,36,ezme-krem-cikolata
iPhone 13 256 GB,10/06/2023,35899,10/06/2022,18980,cep-telefonu
iPhone 13 512 GB,10/06/2023,39999,10/06/2022,17999,cep-telefonu
iPhone 13 128 GB Gece Yarısı,10/06/2023,32999,10/06/2022,17999,cep-telefonu
iPhone 13 128 GB Kırmızı,10/06/2023,32498,10/06/2022,17999,cep-telefonu
iPhone 13 128 GB Mavi,10/06/2023,32798,10/06/2022,18080,cep-telefonu
iPhone 13 128 GB Pembe,10/06/2023,33499,10/06/2022,17999,cep-telefonu
iPhone 13 128 GB Yeşil,10/06/2023,32799,10/06/2022,18165,cep-telefonu
iPhone 13 256 GB Gece Yarısı,10/06/2023,35999,10/06/2022,19619,cep-telefonu
iPhone 13 256 GB Kırmızı,10/06/2023,35998,10/06/2022,18999,cep-telefonu
iPhone 13 256 GB Mavi,10/06/2023,35998,10/06/2022,18980,cep-telefonu
iPhone 13 256 GB Pembe,10/06/2023,37899,10/06/2022,18999,cep-telefonu
iPhone 13 256 GB Yeşil,10/06/2023,35899,10/06/2022,19599,cep-telefonu
iPhone 13 256 GB Yıldız Işığı,10/06/2023,35999,10/06/2022,18999,cep-telefonu
iPhone 13 512 GB Gece Yarısı,10/06/2023,40998,10/06/2022,21677,cep-telefonu
iPhone 13 512 GB Kırmızı,10/06/2023,40998,10/06/2022,21299,cep-telefonu
iPhone 13 512 GB Mavi,10/06/2023,40999,10/06/2022,20999,cep-telefonu
iPhone 13 512 GB Pembe,10/06/2023,42990,10/06/2022,21499,cep-telefonu
iPhone 13 512 GB Yeşil,10/06/2023,39999,10/06/2022,21699,cep-telefonu
iPhone 13 512 GB Yıldız Işığı,10/06/2023,41999,10/06/2022,20978,cep-telefonu
PS5 Digital Edition Oyun Konsolu,10/06/2023,16983,10/06/2022,12102,ps5
Philips Airfryer XXL HD9870/20 Premium 7.3 lt Yağsız Fritöz,10/06/2023,7668,15/08/2022,7499,fritoz
Roborock S7 Akıllı Robot Süpürge,10/06/2023,14299,10/06/2022,8779,robot-supurge
Xiaomi Redmi Note 12 Pro 256 GB,10/06/2023,10399,02/05/2023,10499,cep-telefonu
JBL Tune 510BT Kulak Üstü Bluetooth Kulaklık,10/06/2023,1099,10/06/2022,542,bluetooth-kulaklik
Xiaomi MAF08 Air Fryer 6 lt Yağsız Fritöz,10/06/2023,3729,01/02/2023,5799,fritoz
iPhone 11 128 GB Aksesuarsız Kutu,10/06/2023,18399,10/06/2022,12699,cep-telefonu
Xiaomi Redmi Note 11 Pro 128 GB 8 GB,10/06/2023,8722,10/06/2022,6999,cep-telefonu
iPhone 11 64 GB Aksesuarsız Kutu,10/06/2023,19299,10/06/2022,11599,cep-telefonu
Xbox Series S 512 GB SSD Oyun Konsolu,10/06/2023,8783,10/06/2022,5939,xbox-series
PS5 Standart Edition SSD Oyun Konsolu,10/06/2023,17397,10/06/2022,13299,ps5
Philips Airfryer HD9252/90 Essential 4.1 lt Yağsız Fritöz,10/06/2023,2729,10/06/2022,2774,fritoz
Philips Airfryer XXL HD9867/90 7.3 lt Yağsız Fritöz,10/06/2023,6799,10/06/2022,9799,fritoz
Philips Airfryer XXL HD9650/90 Avance Collection 7.3 lt Yağsız Fritöz,10/06/2023,5811,10/06/2022,3699,fritoz
Roborock S7 Plus Çöp İstasyonlu Vacuum Mop Akıllı Robot Süpürge,10/06/2023,19980,28/11/2022,21098,robot-supurge
Roborock S7 Pro Ultra Çöp İstasyonlu Beyaz Akıllı Robot Süpürge,10/06/2023,27447,29/12/2022,44999,robot-supurge
Roborock S7 Beyaz Akıllı Robot Süpürge,10/06/2023,14299,10/06/2022,8899,robot-supurge
Roborock S7 Siyah Akıllı Robot Süpürge,10/06/2023,18890,10/06/2022,8779,robot-supurge
JBL Tune 510BT Beyaz Kulak Üstü Bluetooth Kulaklık,10/06/2023,1799,10/06/2022,599,bluetooth-kulaklik
JBL Tune 510BT Mavi Kulak Üstü Bluetooth Kulaklık,10/06/2023,1263,10/06/2022,609,bluetooth-kulaklik
JBL Tune 510BT Pembe Kulak Üstü Bluetooth Kulaklık,10/06/2023,1099,10/06/2022,555,bluetooth-kulaklik
JBL Tune 510BT Siyah Kulak Üstü Bluetooth Kulaklık,10/06/2023,1338,10/06/2022,599,bluetooth-kulaklik
iPhone 11 64 GB,10/06/2023,22900,10/06/2022,12707,cep-telefonu
iPhone 11 64 GB Yeşil,10/06/2023,23900,16/07/2022,12384,cep-telefonu
iPhone 11 64 GB Aksesuarsız Kutu,10/06/2023,19299,10/06/2022,11599,cep-telefonu
iPhone 11 64 GB Aksesuarsız Kutu Beyaz,10/06/2023,18998,10/06/2022,11599,cep-telefonu
iPhone 11 64 GB Aksesuarsız Kutu Kırmızı,10/06/2023,20389,10/06/2022,11977,cep-telefonu
iPhone 11 64 GB Aksesuarsız Kutu Mor,10/06/2023,20389,10/06/2022,11999,cep-telefonu
iPhone 11 64 GB Aksesuarsız Kutu Sarı,10/06/2023,21600,10/06/2022,11999,cep-telefonu
iPhone 11 64 GB Aksesuarsız Kutu Siyah,10/06/2023,18499,10/06/2022,11599,cep-telefonu
iPhone 11 128 GB Kırmızı,10/06/2023,27999,30/06/2022,10999,cep-telefonu
iPhone 11 128 GB Mor,10/06/2023,27999,18/06/2022,11799,cep-telefonu
iPhone 11 128 GB Sarı,10/06/2023,26999,15/08/2022,17265,cep-telefonu
iPhone 11 128 GB Yeşil,10/06/2023,26999,23/07/2022,14356,cep-telefonu
iPhone 11 128 GB Aksesuarsız Kutu Beyaz,10/06/2023,18399,10/06/2022,12699,cep-telefonu
iPhone 11 128 GB Aksesuarsız Kutu Kırmızı,10/06/2023,23990,31/01/2023,20999,cep-telefonu
iPhone 11 128 GB Aksesuarsız Kutu Mor,10/06/2023,26900,10/06/2022,12929,cep-telefonu
iPhone 11 128 GB Aksesuarsız Kutu Sarı,10/06/2023,27000,10/06/2022,12699,cep-telefonu
iPhone 11 128 GB Aksesuarsız Kutu Yeşil,10/06/2023,24995,10/06/2022,12399,cep-telefonu
iPhone 11 128 GB Aksesuarsız Kutu Siyah,10/06/2023,18799,10/06/2022,12699,cep-telefonu
Xiaomi Redmi Note 11 Pro 128 GB 8 GB Beyaz,10/06/2023,9149,10/06/2022,7180,cep-telefonu
Xiaomi Redmi Note 11 Pro 128 GB 8 GB Gri,10/06/2023,8722,10/06/2022,7120,cep-telefonu
Xiaomi Redmi Note 11 Pro 128 GB 8 GB Mavi,10/06/2023,9299,10/06/2022,7180,cep-telefonu
Xiaomi Redmi Note 11 Pro 128 GB 6 GB,10/06/2023,8454,10/06/2022,6630,cep-telefonu
Xiaomi Redmi Note 11 Pro 128 GB 6 GB Beyaz,10/06/2023,9199,10/06/2022,6899,cep-telefonu
Xiaomi Redmi Note 11 Pro 128 GB 6 GB Gri,10/06/2023,8589,10/06/2022,6630,cep-telefonu
Xiaomi Redmi Note 11 Pro 128 GB 6 GB Mavi,10/06/2023,8454,10/06/2022,6949,cep-telefonu
Samsung Galaxy A34 128 GB,10/06/2023,9299,10/04/2023,10999,cep-telefonu
Sony DualSense Kablosuz PS5 Oyun Kolu,10/06/2023,2199,10/06/2022,1091,oyun-kolu
Xiaomi Mi TV Stick 4K Dolby Chromecast Android TV Medya Oynatıcı,10/06/2023,1019,10/06/2022,1179,tv-box
"Asus TUF Gaming VG247Q1A 23.8"" 1 ms Full HD FreeSync Oyuncu Monitörü",10/06/2023,3599,10/06/2022,2649,monitor
Xbox Series Kablosuz Oyun Kolu,10/06/2023,1682,10/06/2022,1195,oyun-kolu
New Balance 530 Unisex Spor Ayakkabı,10/06/2023,1999,12/11/2022,1234,spor-ayakkabi
"iPad 9. Nesil Wi-Fi 64 GB 10.2"" Tablet",10/06/2023,8299,10/06/2022,5271,tablet
"Macbook Air M1 8 GB 256 GB SSD 13.3"" MGN63TU/A Uzay Grisi",10/06/2023,24289,10/06/2022,14653,laptop-notebook
Xiaomi Redmi Note 11S 128 GB 8 GB,10/06/2023,7289,10/06/2022,6212,cep-telefonu
AMD Ryzen 5 5600X Altı Çekirdek 3.70 GHz İşlemci,10/06/2023,4378,10/06/2022,4509,islemci
Samsung Galaxy A34 128 GB Gümüş,10/06/2023,9599,10/04/2023,10999,cep-telefonu
Sony DualSense Kamuflaj Kablosuz PS5 Oyun Kolu,10/06/2023,2599,18/03/2023,2299,oyun-kolu
Sony DualSense Kırmızı Kablosuz PS5 Oyun Kolu,10/06/2023,2449,10/06/2022,1268,oyun-kolu
Sony DualSense Mor Kablosuz PS5 Oyun Kolu,10/06/2023,2699,10/06/2022,1349,oyun-kolu
Sony DualSense Turkuaz Kablosuz PS5 Oyun Kolu,10/06/2023,2435,10/06/2022,1249,oyun-kolu
Sony DualSense Siyah Kablosuz PS5 Oyun Kolu,10/06/2023,2499,10/06/2022,1102,oyun-kolu
Sony DualSense Pembe Kablosuz PS5 Oyun Kolu,10/06/2023,2229,10/06/2022,1299,oyun-kolu
Xiaomi Mi TV Stick Full HD Dolby DTS Chromecast Android Medya Oynatıcı,10/06/2023,1039,10/06/2022,639,tv-box
Xbox Series Beyaz Kablosuz Oyun Kolu,10/06/2023,1682,10/06/2022,1208,oyun-kolu
Xbox Series Mavi Kablosuz Oyun Kolu,10/06/2023,2085,10/06/2022,1279,oyun-kolu
Xbox Series Yeşil Kablosuz Oyun Kolu,10/06/2023,1979,10/06/2022,1278,oyun-kolu
Xbox Series Siyah Kablosuz Oyun Kolu,10/06/2023,1879,10/06/2022,1195,oyun-kolu
New Balance 530 Beyaz-Lacivert Unisex Spor Ayakkabı MR530SG,10/06/2023,3290,16/04/2023,2198,spor-ayakkabi
"iPad 9. Nesil Wi-Fi + Cellular 64 GB 10.2"" Tablet",10/06/2023,12298,10/06/2022,7491,tablet
"iPad 9. Nesil Wi-Fi + Cellular 64 GB 10.2"" MK493TU/A Gümüş Tablet",10/06/2023,12299,10/06/2022,7699,tablet
"iPad 9. Nesil Wi-Fi + Cellular 64 GB 10.2"" MK473TU/A Uzay Grisi Tablet",10/06/2023,12298,28/01/2023,10488,tablet
"iPad 9. Nesil Wi-Fi 256 GB 10.2"" Tablet",10/06/2023,11799,10/06/2022,7199,tablet
"iPad 9. Nesil Wi-Fi 256 GB 10.2"" MK2P3TU/A Gümüş Tablet",10/06/2023,13460,10/06/2022,6829,tablet
"iPad 9. Nesil Wi-Fi 256 GB 10.2"" MK2N3TU/A Uzay Grisi Tablet",10/06/2023,11799,29/01/2023,10789,tablet
"iPad 9. Nesil Wi-Fi + Cellular 256 GB 10.2"" Tablet",10/06/2023,15698,10/06/2022,9399,tablet
"iPad 9. Nesil Wi-Fi 64 GB 10.2"" MK2K3TU/A Uzay Grisi Tablet",10/06/2023,8299,30/01/2023,7536,tablet
"Macbook Air M1 8 GB 512 GB SSD 13.3"" Notebook",10/06/2023,31885,10/06/2022,17799,laptop-notebook
"Macbook Air M1 8 GB 256 GB SSD 13.3"" MGN93TU/A Gümüş",10/06/2023,24299,10/06/2022,14258,laptop-notebook
Xiaomi Redmi Note 11S 64 GB,10/06/2023,7258,10/06/2022,5799,cep-telefonu
Xiaomi Redmi Note 11S 128 GB 6 GB,10/06/2023,7239,10/06/2022,6091,cep-telefonu
Xiaomi Redmi Note 11S 128 GB 8 GB Gri,10/06/2023,7289,10/06/2022,6299,cep-telefonu
Xiaomi Redmi Note 11S 128 GB 8 GB Mavi,10/06/2023,7289,10/06/2022,6212,cep-telefonu
AMD Ryzen 5 5600 Altı Çekirdek 3.50 GHz İşlemci,10/06/2023,3339,10/06/2022,3739,islemci
AMD Ryzen 5 5600 Altı Çekirdek 3.50 GHz Kutulu İşlemci,10/06/2023,3569,27/08/2022,4154,islemci
AMD Ryzen 5 5600G Altı Çekirdek 3.90 GHz İşlemci,10/06/2023,3199,10/06/2022,3586,islemci
AMD Ryzen 5 5600 Altı Çekirdek 3.50 GHz Kutusuz İşlemci,10/06/2023,3339,27/08/2022,3988,islemci
AMD Ryzen 5 5600G Altı Çekirdek 3.90 GHz Kutulu İşlemci,10/06/2023,3299,10/06/2022,3999,islemci
AMD Ryzen 5 5600G Altı Çekirdek 3.90 Ghz Kutusuz İşlemci,10/06/2023,3199,10/06/2022,3867,islemci
AMD Ryzen 5 5600X Altı Çekirdek 3.70 GHz Kutulu İşlemci,10/06/2023,4478,10/06/2022,4607,islemci
AMD Ryzen 5 5600X Altı Çekirdek 3.70 GHz Kutusuz İşlemci,10/06/2023,4299,10/06/2022,4509,islemci
Logitech G29 Driving Force + Shifter Direksiyon Seti,10/06/2023,10999,11/01/2023,8799,direksiyon-seti
Logitech G29 Driving Force Direksiyon Seti,10/06/2023,8999,10/06/2022,5772,direksiyon-seti
Huawei Watch GT 3 46mm Active Edition Akıllı Saat,10/06/2023,3535,10/06/2022,2819,akilli-saat
Huawei Watch GT 3 42mm Elegant Edition Akıllı Saat,10/06/2023,3650,10/06/2022,3149,akilli-saat
Huawei Watch GT 3 46mm Elite Edition Akıllı Saat,10/06/2023,4480,10/06/2022,3829,akilli-saat
Huawei Watch GT 3 Pro 46mm Titanium Akıllı Saat,10/06/2023,5398,15/06/2022,5399,akilli-saat
Huawei Watch GT 3 Pro 46mm Titanium Gri Akıllı Saat,10/06/2023,5598,19/06/2022,5499,akilli-saat
Huawei Watch GT 3 Pro 46mm Titanium Titanyum Akıllı Saat,10/06/2023,7398,15/06/2022,7399,akilli-saat
Gigabyte B550M-DS3H AMD AM4 DDR4 Micro ATX Anakart,10/06/2023,2299,10/06/2022,1167,anakart
Xiaomi Mi Body Composition Scale 2 Yağ Ölçer Fonksiyonlu Akıllı Bluetooth Vücut Analiz Baskülü,10/06/2023,519,10/06/2022,263,baskul
Xiaomi Mi Smart Scale 2 Akıllı Bluetooth Dijital Baskül,10/06/2023,348,10/06/2022,234,baskul
Intel i5-12400F Altı Çekirdek 2.50 GHz İşlemci,10/06/2023,3699,10/06/2022,2978,islemci
Intel i5-12400F Altı Çekirdek 2.50 GHz Kutusuz İşlemci,10/06/2023,3749,20/12/2022,3658,islemci
Intel i5-12400 Altı Çekirdek 2.50 GHz İşlemci,10/06/2023,4400,10/06/2022,3667,islemci
Intel i5-12500 Altı Çekirdek 3.00 GHz İşlemci,10/06/2023,4900,10/06/2022,4129,islemci
Intel i5-12600K On Çekirdek 3.70 GHz İşlemci,10/06/2023,6849,10/06/2022,5509,islemci
Intel i5-12600KF On Çekirdek 3.70 GHz İşlemci,10/06/2023,6098,10/06/2022,4595,islemci
Xiaomi Mi Band 7,10/06/2023,819,04/07/2022,889,akilli-bileklik
Xiaomi Mi Band 5,10/06/2023,799,10/06/2022,349,akilli-bileklik
Xiaomi Mi Band 6,10/06/2023,838,10/06/2022,449,akilli-bileklik
"Samsung Odyssey G3 LS27AG320NUXUF 27"" 1 ms Full HD FreeSync Pivot Oyuncu Monitörü",10/06/2023,3899,10/06/2022,3033,monitor
"Samsung Odyssey G3 LS24AG320NUXUF 24"" 1 ms Full HD FreeSync Pivot Oyuncu Monitörü",10/06/2023,3695,10/06/2022,2940,monitor
Razer Blackshark V2 X Kablolu Mikrofonlu Kulak Üstü Oyuncu Kulaklığı,10/06/2023,1139,10/06/2022,615,kulaklik
Razer Blackshark V2 X Kablolu Mikrofonlu Kulak Üstü Oyuncu Kulaklığı Yeşil,10/06/2023,1179,23/08/2022,1469,kulaklik
Philips 3200 Serisi EP3246/70 Tam Otomatik Espresso Makinesi,10/06/2023,9767,10/06/2022,7000,espresso-makinesi
Philips OneBlade QP2520/20 Hibrit Sakal Şekillendirici ve Tıraş Makinesi,10/06/2023,798,10/06/2022,387,tiras-makinesi
Xbox Series X 1 TB SSD Oyun Konsolu,10/06/2023,17999,10/06/2022,10970,xbox-series
Logitech G PRO X Superlight Hero 910-005881 Kablosuz Oyuncu Mouse Siyah,10/06/2023,2998,10/06/2022,1824,mouse
Logitech G PRO X Superlight Hero 910-005957 Kablosuz Oyuncu Mouse Pembe,10/06/2023,3040,03/10/2022,1980,mouse
Skechers Graceful Get Connected Siyah Kadın Spor Ayakkabı 12615 BBK,10/06/2023,1031,10/06/2022,664,spor-ayakkabi
Skechers Graceful Get Connected Beyaz Kadın Spor Ayakkabı 12615 WSL,10/06/2023,1749,10/06/2022,751,spor-ayakkabi
Nintendo Switch OLED Kırmızı-Mavi Oyun Konsolu,10/06/2023,9999,10/06/2022,6599,nintendo-switch
Anker SoundCore Life Q10i ANC Kulak Üstü Bluetooth Kulaklık,10/06/2023,1690,30/09/2022,1149,bluetooth-kulaklik
Anker SoundCore Life Q30 Kulak Üstü Bluetooth Kulaklık,10/06/2023,2419,10/06/2022,1339,bluetooth-kulaklik
Oculus Quest 2 128 GB All In One Kablosuz VR Sanal Gerçeklik Gözlüğü,10/06/2023,10498,10/06/2022,6999,sanal-gerceklik-gozlugu
Oculus Quest 2 256 GB All In One Kablosuz VR Sanal Gerçeklik Gözlüğü,10/06/2023,14199,10/06/2022,7528,sanal-gerceklik-gozlugu
Samsung Galaxy Watch 4 40mm Pembe Akıllı Saat SM-R860NZDATUR,10/06/2023,2994,10/06/2022,2645,akilli-saat
Samsung Galaxy Watch 4 40mm Gümüş Akıllı Saat SM-R860NZSATUR,10/06/2023,3499,10/06/2022,2639,akilli-saat
Samsung Galaxy Watch 4 40mm Siyah Akıllı Saat SM-R860NZKATUR,10/06/2023,2814,10/06/2022,2403,akilli-saat
Philips Lumea Advanced BRI921/00 IPL Lazer Epilasyon Aleti,10/06/2023,6849,10/06/2022,4139,epilasyon-aleti
Fairy Platinum Limon Bulaşık Makinesi Kapsülü 90'lı,10/06/2023,254,10/06/2022,139,bulasik-makinesi-tableti
Fairy Platinum Limon 16'lı Bulaşık Makinesi Tableti,10/06/2023,65,10/06/2022,54,bulasik-makinesi-tableti
Fairy Platinum Limon 26'lı Bulaşık Makinesi Kapsülü,10/06/2023,100,10/06/2022,71,bulasik-makinesi-tableti
Fairy Platinum Limon 33'lü Bulaşık Makinesi Kapsülü,10/06/2023,127,10/06/2022,69,bulasik-makinesi-tableti
Fairy Platinum Limon Bulaşık Makinesi Kapsülü 43'lü,10/06/2023,143,10/06/2022,94,bulasik-makinesi-tableti
Fairy Platinum Limon 50'li Bulaşık Makinesi Kapsülü,10/06/2023,169,10/06/2022,102,bulasik-makinesi-tableti
Fairy Platinum Limon 60'lı Bulaşık Makinesi Kapsülü,10/06/2023,202,10/06/2022,125,bulasik-makinesi-tableti
Fairy Platinum Limon Bulaşık Makinesi Kapsülü 72'li,10/06/2023,219,10/06/2022,140,bulasik-makinesi-tableti
Fairy Platinum Limon 115'li Bulaşık Makinesi Kapsülü,10/06/2023,429,28/01/2023,599,bulasik-makinesi-tableti
Philips BG1024/15 Bodyshaver Vücut Tıraş Makinesi,10/06/2023,399,10/06/2022,329,tiras-makinesi
Fairy Platinum Plus 120'li Bulaşık Makinesi Kapsülü,10/06/2023,359,10/06/2022,246,bulasik-makinesi-tableti
MSI GTX 1660 Super Ventus Xs OC 192 Bit GDDR6 6 GB Ekran Kartı,10/06/2023,5369,10/06/2022,7499,ekran-karti
Corsair Vengeance 16 GB (2X8) 3200 MHz DDR4 CL16 CMK16GX4M2E3200C16 Ram,10/06/2023,1210,10/06/2022,1013,ram
Huawei Watch GT 3 42mm Elegant Edition Akıllı Saat,10/06/2023,3650,10/06/2022,3149,akilli-saat
Huawei Watch GT 3 42mm Elegant Edition Altın Akıllı Saat,10/06/2023,4499,10/06/2022,3551,akilli-saat
Huawei Watch GT 3 42mm Elegant Edition Beyaz Akıllı Saat,10/06/2023,3650,10/06/2022,3149,akilli-saat
Skechers Graceful Get Connected Kadın Spor Ayakkabı 12615,10/06/2023,893,10/06/2022,513,spor-ayakkabi
Skechers Graceful Get Connected Siyah Kadın Spor Ayakkabı 12615 BBK,10/06/2023,1031,10/06/2022,664,spor-ayakkabi
Asus TUF Gaming M3 RGB Kablolu Optik Oyuncu Mouse,10/06/2023,359,10/06/2022,209,mouse
Asus TUF Gaming M5 RGB Kablolu Optik Oyuncu Mouse,10/06/2023,1275,10/06/2022,263,mouse
Samsung Galaxy Buds 2 SM-R177NZKATUR TWS Siyah Kulak İçi Bluetooth Kulaklık,10/06/2023,1259,10/06/2022,1119,bluetooth-kulaklik
Samsung Galaxy Buds 2 SM-R177NZWATUR TWS Beyaz Kulak İçi Bluetooth Kulaklık,10/06/2023,1270,10/06/2022,1069,bluetooth-kulaklik
Samsung Galaxy Buds 2 SM-R177 TWS Grafit Kulak İçi Bluetooth Kulaklık,10/06/2023,1260,04/12/2022,1189,bluetooth-kulaklik
Samsung Galaxy Buds 2 SM-R177NLVATUR TWS Mor Kulak İçi Bluetooth Kulaklık,10/06/2023,1238,10/06/2022,1047,bluetooth-kulaklik
Samsung Galaxy Buds 2 SM-R177NZGATUR TWS Yeşil Kulak İçi Bluetooth Kulaklık,10/06/2023,1248,10/06/2022,1049,bluetooth-kulaklik
MSI MAG FORGE M100A RGB Fan mATX Oyuncu Kasası,10/06/2023,1899,16/07/2022,1197,bilgisayar-kasasi
Xiaomi Mi Robot Vacuum Mop 2 Pro Siyah Akıllı Robot Süpürge,10/06/2023,8199,10/06/2022,6249,robot-supurge
Xiaomi Mi Robot Vacuum Mop 2 Pro Beyaz Akıllı Robot Süpürge,10/06/2023,8199,10/06/2022,6099,robot-supurge
Penguen 1200A 2 lt Çift Katlı Çelik Termos,10/06/2023,239,10/06/2022,339,termos
Ray-Ban Wayfarer 2140 901 Black-Green Unisex Güneş Gözlüğü,10/06/2023,1231,10/06/2022,839,gunes-gozlugu
Ray-Ban Wayfarer 2140 127771 Havana-Grey Unisex Güneş Gözlüğü,10/06/2023,1775,21/02/2023,1653,gunes-gozlugu
Ray-Ban Wayfarer 2140 902/51 Tortoise-Light Brown Unisex Güneş Gözlüğü,10/06/2023,1644,19/12/2022,1609,gunes-gozlugu
Ray-Ban Wayfarer 2140 661313 Violet-Orange Unisex Güneş Gözlüğü,10/06/2023,2110,03/03/2023,1918,gunes-gozlugu
"AOC C27G2ZE 27"" 0.5 ms Full HD FreeSync Curved Oyuncu Monitörü",10/06/2023,6499,10/06/2022,5484,monitor
Skechers Go Run Trail Altitude 220112 Marble Erkek Spor Ayakkabı,10/06/2023,1428,18/12/2022,1849,spor-ayakkabi
"Asus TUF Gaming VG259QM 24.5"" 1 ms Full HD G-Sync IPS Oyuncu Monitörü",10/06/2023,8149,22/06/2022,6152,monitor
"Asus TUF Gaming VG279QM 27"" 1 ms Full HD G-Sync Pivot IPS Oyuncu Monitörü",10/06/2023,9999,10/06/2022,7499,monitor
Samsung Galaxy M23 128 GB,10/06/2023,6699,10/06/2022,4499,cep-telefonu
Samsung Galaxy M23 128 GB Yeşil,10/06/2023,6699,10/06/2022,4499,cep-telefonu
Kingston Fury Beast 16 GB 3200 MHz DDR4 CL16 KF432C16BB1/16 Ram,10/06/2023,891,10/06/2022,1238,ram
Asus TUF K3 AURA Red Switch Kablolu Mekanik Oyuncu Klavyesi,10/06/2023,1939,10/06/2022,999,klavye
Puma Smash V2 Buck Unisex Spor Ayakkabı,10/06/2023,538,10/06/2022,485,spor-ayakkabi
Logitech G305 Lightspeed 910-005283 Wireless Optik Oyuncu Mouse Siyah,10/06/2023,1179,10/06/2022,499,mouse
Logitech G305 Lightspeed 910-006014 Wireless Optik Oyuncu Mouse Mavi,10/06/2023,3075,10/06/2022,499,mouse
SteelSeries Rival 3 Wireless Optik Oyuncu Mouse,10/06/2023,797,10/06/2022,443,mouse
JBL Tune 510BT Pembe Kulak Üstü Bluetooth Kulaklık,10/06/2023,1099,10/06/2022,555,bluetooth-kulaklik
JBL Tune 510BT Beyaz Kulak Üstü Bluetooth Kulaklık,10/06/2023,1799,10/06/2022,599,bluetooth-kulaklik
JBL Tune 510BT Siyah Kulak Üstü Bluetooth Kulaklık,10/06/2023,1338,10/06/2022,599,bluetooth-kulaklik
Xiaomi Mi Vacuum Cleaner 10.8 V Mini Şarjlı El Süpürgesi,10/06/2023,899,10/06/2022,754,sarjli-supurge
JBL T460BT Kulak Üstü Bluetooth Kulaklık,10/06/2023,999,10/06/2022,501,bluetooth-kulaklik
JBL T460BT Beyaz Kulak Üstü Bluetooth Kulaklık,10/06/2023,1299,04/04/2023,999,bluetooth-kulaklik
Crocs Crocband Clog Lacivert Terlik 11016-410,10/06/2023,358,10/06/2022,533,terlik
Crocs Crocband Clog Krem Terlik 11016-1AS,10/06/2023,890,10/06/2022,575,terlik
Logitech G Pro X Wireless Mikrofonlu Kulak Üstü Oyuncu Kulaklığı,10/06/2023,5839,10/06/2022,2849,kulaklik
Philips Multigroom 7000 Serisi MG7720/15 14'ü 1 Arada Erkek Bakım Seti,10/06/2023,1163,10/06/2022,919,erkek-bakim-seti
Philips Multigroom 7000 Serisi MG7710/15 12'si 1 Arada Erkek Bakım Seti,10/06/2023,2790,06/10/2022,2999,erkek-bakim-seti
Vancat Super Premium Aktif Karbon Topaklanan İnce Taneli 10 lt 2'li Paket Kedi Kumu,10/06/2023,173,10/06/2022,122,kedi-kumu
iPhone 12 128 GB,10/06/2023,27999,10/06/2022,16699,cep-telefonu
Jabra Elite 3 TWS Kulak İçi Bluetooth Kulaklık,10/06/2023,929,10/06/2022,939,bluetooth-kulaklik
"Samsung Odyssey G3 LS24AG300NUXUF 24"" 1 ms Full HD FreeSync Pivot Oyuncu Monitörü",10/06/2023,3199,10/06/2022,2399,monitor
"Macbook Air M1 16 GB 256 GB SSD 13.3"" Z1240009K Notebook",10/06/2023,27199,10/06/2022,20699,laptop-notebook
Soundpeats Air3 Deluxe TWS Kulak İçi Bluetooth Kulaklık,10/06/2023,799,21/11/2022,949,bluetooth-kulaklik
MSI RTX 3060 Ventus 3X 12G OC 192 Bit GDDR6 12 GB Ekran Kartı,10/06/2023,9658,10/06/2022,15399,ekran-karti
Siemens TP501R09 Tam Otomatik Kahve Makinesi,10/06/2023,8499,10/06/2022,8699,espresso-makinesi
Trendline Biftekli 15 kg Yetişkin Köpek Maması,10/06/2023,332,10/06/2022,238,kopek-mamasi
Canon EOS 250D + 18-55 mm Lens Dijital SLR Fotoğraf Makinesi,10/06/2023,16357,10/06/2022,9550,fotograf-makinesi
Logitech F710 Kablosuz PC Oyun Kolu,10/06/2023,789,10/06/2022,478,oyun-kolu
JBL Wave 100TWS Kulak İçi Bluetooth Kulaklık,10/06/2023,699,10/06/2022,569,bluetooth-kulaklik
Arçelik TKM 3940 G Lokum Gri Türk Kahve Makinesi,10/06/2023,1049,10/06/2022,560,turk-kahve-makinesi
Arçelik TKM 3940 M Lokum Mavi Türk Kahve Makinesi,10/06/2023,1149,10/06/2022,629,turk-kahve-makinesi
Arçelik TKM 3940 P Lokum Pembe Türk Kahve Makinesi,10/06/2023,1799,10/06/2022,596,turk-kahve-makinesi
Arzum AR3014 Florido Beyaz 2000 W 2 lt Su Isıtıcısı,10/06/2023,388,10/06/2022,231,kettle
Arzum AR3067 Valore 2200 W 1.7 lt Su Isıtıcı,10/06/2023,389,10/06/2022,263,kettle
Tupperware 2 lt Eko Şişe Suluk,10/06/2023,285,10/06/2022,180,suluk-matara
Tupperware 500 ml Eko Şişe Suluk,10/06/2023,149,10/06/2022,74,suluk-matara
Regal BT 1001 Büro Tipi Buzdolabı,10/06/2023,2999,10/06/2022,1999,buzdolabi
Flavel FLV 1090 Büro Tipi Mini Buzdolabı,10/06/2023,2999,10/06/2022,1699,buzdolabi
Kumtel LX-7115 Tekli Elektrikli Set Üstü Ocak,10/06/2023,382,10/06/2022,239,ocak
Kumtel LX-7021 Gri Set Üstü Ocak,10/06/2023,584,10/06/2022,420,ocak
Monopoly Klasik C1009,10/06/2023,414,10/06/2022,265,kutu-oyunu
Monopoly Türkiye 01610,10/06/2023,394,10/06/2022,274,kutu-oyunu
Monopoly Al & Oyna B1002,10/06/2023,170,10/06/2022,109,kutu-oyunu
Sensodyne Hassasiyet & Diş Eti Güçlü Diş Etleri 75 ml Diş Macunu,10/06/2023,86,10/06/2022,46,dis-macunu
Signal White System Beyazlatıcı Sistem Diş Macunu 75 ml,10/06/2023,22,11/06/2022,22,dis-macunu
Sensodyne Hızlı Rahatlama Beyazlatıcı 75 ml Diş Macunu,10/06/2023,92,10/06/2022,38,dis-macunu
La Roche-Posay Anthelios UVmune 400 Fluid 50 Faktör Renksiz Güneş Kremi 50 ml,10/06/2023,226,10/06/2022,149,gunes-kremi
Sebamed Çok Yönlü Koruyucu 50 Faktör Güneş Kremi 75 ml,10/06/2023,226,10/06/2022,128,gunes-kremi
Vaseline Blueseal Original Vazelin 100 ml,10/06/2023,44,11/06/2022,26,vazelin
Gillette Venus Comfortglide Breeze 4'lü Yedek Başlık,10/06/2023,237,10/06/2022,139,tiras-bicagi
Solo Akıllı Seçim 32'li Tuvalet Kağıdı,10/06/2023,124,10/06/2022,105,tuvalet-kagidi
Nuh'un Ankara 500 gr Yüksük Makarna,10/06/2023,12,11/06/2022,8,makarna
Pınar 1 lt Süt,10/06/2023,25,11/06/2022,19,sut
İçim Rahat Laktozsuz 1 lt Süt,10/06/2023,23,11/06/2022,18,sut
AirPods Max,10/06/2023,16007,10/06/2022,6723,bluetooth-kulaklik
AirPods Max Uzay Grisi MGYH3TU/A,10/06/2023,16499,10/06/2022,7959,bluetooth-kulaklik
AirPods Max Pembe MGYM3TU/A,10/06/2023,16007,10/06/2022,6723,bluetooth-kulaklik
AirPods Max Gümüş MGYJ3TU/A,10/06/2023,16007,10/06/2022,7069,bluetooth-kulaklik
AirPods Max Gök Mavisi MGYL3TU/A,10/06/2023,18299,10/06/2022,7869,bluetooth-kulaklik
Apple Watch SE GPS 44mm Akıllı Saat,10/06/2023,7449,10/06/2022,4499,akilli-saat
Apple Watch SE GPS 44mm Gümüş Rengi Alüminyum Kasa ve Mavi Spor Kordon Akıllı Saat,10/06/2023,7449,10/06/2022,4499,akilli-saat
Perilla Avrora Kanatlı Çamaşır Askısı,10/06/2023,395,10/06/2022,275,camasir-askisi
Awox Rapid Tost 750 W Mini Tost Makinesi,10/06/2023,134,10/06/2022,118,tost-makinesi
King KMT645 Otto Mini 750 W Tost Makinesi,10/06/2023,279,10/06/2022,227,tost-makinesi
Philips Airfryer XXL HD9650/90 Avance Collection 7.3 lt Yağsız Fritöz,10/06/2023,5811,10/06/2022,3699,fritoz
Xiaomi Mi Smart Air Fryer 3.5 lt Yağsız Fritöz,10/06/2023,2279,10/06/2022,1706,fritoz
Nutella 750 gr Kakaolu Fındık Kreması,10/06/2023,95,11/06/2022,44,ezme-krem-cikolata
Sarelle Kakaolu Fındık Ezmesi 700 gr,10/06/2023,89,10/06/2022,47,ezme-krem-cikolata
Nesquik Çikolatalı Kahvaltılık Mısır Gevreği 700 gr,10/06/2023,64,11/06/2022,31,kahvaltilik-gevrek
iPhone 12 64 GB,10/06/2023,26315,10/06/2022,15968,cep-telefonu
iPhone 12 256 GB,10/06/2023,28999,10/06/2022,17799,cep-telefonu
iPhone 12 256 GB Siyah,10/06/2023,37199,10/06/2022,18429,cep-telefonu
iPhone 12 128 GB Beyaz,10/06/2023,27999,10/06/2022,16699,cep-telefonu
iPhone 12 128 GB Kırmızı,10/06/2023,32699,10/06/2022,16799,cep-telefonu
iPhone 12 128 GB Mor,10/06/2023,29998,10/06/2022,16799,cep-telefonu
iPhone 12 128 GB Siyah,10/06/2023,29999,10/06/2022,16999,cep-telefonu
iPhone 12 128 GB Yeşil,10/06/2023,29999,10/06/2022,16770,cep-telefonu
iPhone 12 64 GB Beyaz,10/06/2023,28399,10/06/2022,16099,cep-telefonu
iPhone 12 64 GB Kırmızı,10/06/2023,26998,10/06/2022,15999,cep-telefonu
iPhone 12 64 GB Mor,10/06/2023,29999,10/06/2022,15849,cep-telefonu
iPhone 12 64 GB Siyah,10/06/2023,26315,10/06/2022,16127,cep-telefonu
iPhone 12 64 GB Yeşil,10/06/2023,29999,10/06/2022,15849,cep-telefonu
Jabra Elite 3 TWS Koyu Gri Kulak İçi Bluetooth Kulaklık,10/06/2023,929,10/06/2022,939,bluetooth-kulaklik
Jabra Elite 3 TWS Lila Kulak İçi Bluetooth Kulaklık,10/06/2023,949,10/06/2022,949,bluetooth-kulaklik
Jabra Elite 2 TWS Kulak İçi Bluetooth Kulaklık Gri,10/06/2023,759,10/06/2022,469,bluetooth-kulaklik
Jabra Elite 2 TWS Kulak İçi Bluetooth Kulaklık Lacivert,10/06/2023,759,10/06/2022,596,bluetooth-kulaklik
Soundpeats Air3 TWS Beyaz Kulak İçi Bluetooth Kulaklık,10/06/2023,889,10/06/2022,475,bluetooth-kulaklik
Soundpeats Air3 TWS Mor Kulak İçi Bluetooth Kulaklık,10/06/2023,889,21/12/2022,535,bluetooth-kulaklik
Trendline Biftekli Yetişkin Köpek Maması 1 kg - Açık Paket,10/06/2023,34,11/06/2022,20,kopek-mamasi
Trendline Biftekli 1 kg Yetişkin Köpek Maması,10/06/2023,42,11/06/2022,29,kopek-mamasi
Canon EOS 250D + 18-55 mm Lens Siyah Dijital SLR Fotoğraf Makinesi,10/06/2023,16357,10/06/2022,9938,fotograf-makinesi
JBL Wave 100TWS Krem Kulak İçi Bluetooth Kulaklık,10/06/2023,749,10/06/2022,579,bluetooth-kulaklik
JBL Wave 300TWS Kulak İçi Bluetooth Kulaklık,10/06/2023,1179,10/06/2022,828,bluetooth-kulaklik
JBL Wave 300TWS Pembe Kulak İçi Bluetooth Kulaklık,10/06/2023,1997,10/06/2022,828,bluetooth-kulaklik
JBL Wave 300TWS Mavi Kulak İçi Bluetooth Kulaklık,10/06/2023,1432,10/06/2022,827,bluetooth-kulaklik
JBL Wave 300TWS Beyaz Kulak İçi Bluetooth Kulaklık,10/06/2023,1349,10/06/2022,817,bluetooth-kulaklik
Solo Akıllı Seçim 8'li Tuvalet Kağıdı,10/06/2023,39,11/06/2022,35,tuvalet-kagidi
Solo Akıllı Seçim 16'lı Tuvalet Kağıdı,10/06/2023,79,10/06/2022,53,tuvalet-kagidi
Solo Akıllı Seçim 24'lü Tuvalet Kağıdı,10/06/2023,89,10/06/2022,94,tuvalet-kagidi
Solo Akıllı Seçim 96'lı Tuvalet Kağıdı,10/06/2023,385,10/06/2022,279,tuvalet-kagidi
Pınar 500 ml Tam Yağlı Süt,10/06/2023,18,11/06/2022,15,sut
İçim Rahat Laktozsuz 500 ml Süt,10/06/2023,17,11/06/2022,12,sut
AirPods Max Uzay Grisi MGYH3TU/A,10/06/2023,16499,10/06/2022,7959,bluetooth-kulaklik
AirPods Max Pembe MGYM3TU/A,10/06/2023,16007,10/06/2022,6723,bluetooth-kulaklik
AirPods Max Gümüş MGYJ3TU/A,10/06/2023,16007,10/06/2022,7069,bluetooth-kulaklik
AirPods Max Gök Mavisi MGYL3TU/A,10/06/2023,18299,10/06/2022,7869,bluetooth-kulaklik
Apple Watch SE GPS 40mm Uzay Grisi Alüminyum Kasa ve Spor Kordon Akıllı Saat,10/06/2023,7699,10/06/2022,4299,akilli-saat
Apple Watch SE GPS 40mm Gümüş Rengi Alüminyum Kasa ve Beyaz Spor Kordon Akıllı Saat,10/06/2023,7499,10/06/2022,4645,akilli-saat
Nutella 400 gr Kakaolu Fındık Kreması,10/06/2023,55,11/06/2022,23,ezme-krem-cikolata
Sarelle Kakaolu Fındık Ezmesi 350 gr,10/06/2023,57,11/06/2022,23,ezme-krem-cikolata
Nesquik Çikolatalı Kahvaltılık Mısır Gevreği 50 gr,10/06/2023,26,11/06/2022,24,kahvaltilik-gevrek
Nesquik Çikolatalı Kahvaltılık Mısır Gevreği 450 gr,10/06/2023,47,11/06/2022,19,kahvaltilik-gevrek
